epoch,time,train/box_loss,train/cls_loss,train/dfl_loss,metrics/precision(B),metrics/recall(B),metrics/mAP50(B),metrics/mAP50-95(B),val/box_loss,val/cls_loss,val/dfl_loss,lr/pg0,lr/pg1,lr/pg2
1,1362.52,1.39422,2.06462,1.43222,0.57569,0.47516,0.49392,0.22727,1.76551,1.78637,1.55379,0.000237635,0.000237635,0.000237635
2,2626.36,1.26942,1.57653,1.35143,0.67913,0.5008,0.55472,0.25798,1.79033,1.61802,1.64344,0.000466217,0.000466217,0.000466217
3,3826.82,1.26438,1.53237,1.35458,0.64396,0.47858,0.5416,0.23683,1.84948,1.59647,1.60084,0.000685375,0.000685375,0.000685375
4,5042.04,1.24473,1.47515,1.33339,0.65228,0.55547,0.5866,0.28122,1.83216,1.41512,1.67184,0.000671588,0.000671588,0.000671588
5,6233.8,1.19775,1.38369,1.30665,0.67515,0.53357,0.587,0.28016,1.82536,1.38556,1.62477,0.000657451,0.000657451,0.000657451
6,7484.71,1.17524,1.34147,1.29204,0.76253,0.58713,0.6547,0.32409,1.71045,1.22145,1.54308,0.000643314,0.000643314,0.000643314
7,8645.78,1.16075,1.2948,1.27641,0.78406,0.5698,0.63579,0.30141,1.76265,1.2508,1.56816,0.000629177,0.000629177,0.000629177
8,9827.77,1.14411,1.23936,1.26353,0.80617,0.55343,0.63641,0.297,1.8051,1.2322,1.5482,0.00061504,0.00061504,0.00061504
